{
  "root" : {
    "__class" : "RootNode",
    "children" : [
      {
        "__class" : "PageNode",
        "children" : [
          {
            "__class" : "FrameNode",
            "aspectRatio" : null,
            "bottom" : null,
            "centerAnchorX" : 0,
            "centerAnchorY" : 0,
            "children" : [
              {
                "__class" : "CodeComponentNode",
                "$control__gravity" : {
                  "type" : "number",
                  "value" : 0
                },
                "$control__injectionDegree" : {
                  "type" : "number",
                  "value" : 60
                },
                "$control__launchDegree" : {
                  "type" : "number",
                  "value" : -90
                },
                "$control__rotation" : {
                  "type" : "number",
                  "value" : 0
                },
                "$control__velocity" : {
                  "type" : "number",
                  "value" : 5
                },
                "aspectRatio" : null,
                "bottom" : 343,
                "centerAnchorX" : 0.46552723059096174,
                "centerAnchorY" : 0.54525386313465785,
                "clip" : true,
                "codeComponentIdentifier" : ".\/Confetti.tsx_Confetti",
                "codeComponentPackageVersion" : null,
                "codeOverrideEnabled" : false,
                "constraintsLocked" : false,
                "duplicatedFrom" : [
                  "njPvkouk_"
                ],
                "exportOptions" : [

                ],
                "fillColor" : "rgba(255,255,255,1)",
                "fillEnabled" : false,
                "fillImage" : null,
                "fillImageOriginalName" : null,
                "fillImagePixelHeight" : null,
                "fillImagePixelWidth" : null,
                "fillImageResize" : "fill",
                "fillType" : "color",
                "height" : 550,
                "heightType" : 0,
                "id" : "VinFuFHoD",
                "intrinsicHeight" : null,
                "intrinsicWidth" : null,
                "left" : 392,
                "locked" : false,
                "name" : "Confetti",
                "opacity" : 1,
                "originalid" : null,
                "parentid" : "Mih7ayDjN",
                "previewSettings" : null,
                "radius" : 0,
                "radiusBottomLeft" : 0,
                "radiusBottomRight" : 0,
                "radiusIsRelative" : false,
                "radiusPerCorner" : false,
                "radiusTopLeft" : 0,
                "radiusTopRight" : 0,
                "right" : null,
                "rotation" : 0,
                "top" : null,
                "visible" : true,
                "width" : 823,
                "widthType" : 0
              }
            ],
            "clip" : true,
            "codeOverrideEnabled" : false,
            "constraintsLocked" : false,
            "duplicatedFrom" : null,
            "exportOptions" : [

            ],
            "fillColor" : "white",
            "fillEnabled" : true,
            "fillImage" : null,
            "fillImageOriginalName" : null,
            "fillImagePixelHeight" : null,
            "fillImagePixelWidth" : null,
            "fillImageResize" : "fill",
            "fillType" : "color",
            "framePreset" : null,
            "guidesX" : [

            ],
            "guidesY" : [

            ],
            "height" : 1359,
            "heightType" : 0,
            "id" : "Mih7ayDjN",
            "intrinsicHeight" : null,
            "intrinsicWidth" : null,
            "isExternalMaster" : null,
            "isMaster" : false,
            "isScreen" : true,
            "isTarget" : false,
            "left" : 313,
            "locked" : false,
            "name" : null,
            "opacity" : 1,
            "originalid" : null,
            "parentid" : "f9RhR5MaI",
            "previewSettings" : null,
            "radius" : 0,
            "radiusBottomLeft" : 0,
            "radiusBottomRight" : 0,
            "radiusIsRelative" : false,
            "radiusPerCorner" : false,
            "radiusTopLeft" : 0,
            "radiusTopRight" : 0,
            "replicaInfo" : null,
            "right" : null,
            "rotation" : 0,
            "top" : 849,
            "visible" : true,
            "width" : 1726,
            "widthType" : 0
          }
        ],
        "duplicatedFrom" : null,
        "guidesX" : [

        ],
        "guidesY" : [

        ],
        "homeNodeId" : "Mih7ayDjN",
        "id" : "f9RhR5MaI",
        "name" : "Page 1",
        "originalid" : null,
        "parentid" : "sg0SWSbTi",
        "visible" : false
      }
    ],
    "disableBackdropFilters" : true,
    "duplicatedFrom" : null,
    "id" : "sg0SWSbTi",
    "name" : null,
    "originalid" : null,
    "parentid" : null,
    "tokens" : {

    },
    "tokensIndex" : [

    ],
    "visible" : false
  },
  "version" : 75
}