{
  "root" : {
    "__class" : "RootNode",
    "children" : [
      {
        "__class" : "PageNode",
        "children" : [
          {
            "__class" : "FrameNode",
            "aspectRatio" : null,
            "bottom" : null,
            "centerAnchorX" : 0,
            "centerAnchorY" : 0,
            "children" : [
              {
                "__class" : "FrameNode",
                "aspectRatio" : null,
                "bottom" : null,
                "centerAnchorX" : 0.51274623406720743,
                "centerAnchorY" : 0.41979396615158204,
                "children" : [
                  {
                    "__class" : "CodeComponentNode",
                    "$control__friction" : {
                      "type" : "number",
                      "value" : 0.69999999999999996
                    },
                    "$control__gravity" : {
                      "type" : "number",
                      "value" : 0
                    },
                    "$control__injectionDegree" : {
                      "type" : "number",
                      "value" : 90
                    },
                    "$control__launchDegree" : {
                      "type" : "number",
                      "value" : -90
                    },
                    "$control__particleColors" : {
                      "type" : "array",
                      "value" : [
                        {
                          "id" : "gAQJkmsH7",
                          "type" : "color",
                          "value" : "#1abc9c"
                        },
                        {
                          "id" : "DgcvyHAbA",
                          "type" : "color",
                          "value" : "#2ecc71"
                        },
                        {
                          "id" : "q6PGN2Uu5",
                          "type" : "color",
                          "value" : "#f1c40f"
                        },
                        {
                          "id" : "RIkg494BS",
                          "type" : "color",
                          "value" : "#e74c3c"
                        },
                        {
                          "id" : "KosG_Sagw",
                          "type" : "color",
                          "value" : "#c0392b"
                        },
                        {
                          "id" : "KXP6tIYvq",
                          "type" : "color",
                          "value" : "#27ae60"
                        },
                        {
                          "id" : "xuTAGQPZz",
                          "type" : "color",
                          "value" : "#9b59b6"
                        }
                      ]
                    },
                    "$control__velocity" : {
                      "type" : "number",
                      "value" : 10
                    },
                    "$control__x" : {
                      "type" : "number",
                      "value" : 150
                    },
                    "$control__y" : {
                      "type" : "number",
                      "value" : 0
                    },
                    "aspectRatio" : null,
                    "bottom" : null,
                    "centerAnchorX" : 0.5,
                    "centerAnchorY" : 0.50074074074074071,
                    "clip" : true,
                    "codeComponentIdentifier" : ".\/Confetti.tsx_Confetti",
                    "codeComponentPackageVersion" : null,
                    "codeOverrideEnabled" : false,
                    "constraintsLocked" : true,
                    "duplicatedFrom" : [
                      "xY97CDpyM"
                    ],
                    "exportOptions" : [

                    ],
                    "fillColor" : "rgba(255,255,255,1)",
                    "fillEnabled" : false,
                    "fillImage" : null,
                    "fillImageOriginalName" : null,
                    "fillImagePixelHeight" : null,
                    "fillImagePixelWidth" : null,
                    "fillImageResize" : "fill",
                    "fillType" : "color",
                    "height" : 600,
                    "heightType" : 0,
                    "id" : "vhfOYr8GD",
                    "intrinsicHeight" : 600,
                    "intrinsicWidth" : 300,
                    "left" : null,
                    "locked" : false,
                    "name" : "Confetti",
                    "opacity" : 1,
                    "originalid" : null,
                    "parentid" : "yM6QnQNRm",
                    "previewSettings" : null,
                    "radius" : 0,
                    "radiusBottomLeft" : 0,
                    "radiusBottomRight" : 0,
                    "radiusIsRelative" : false,
                    "radiusPerCorner" : false,
                    "radiusTopLeft" : 0,
                    "radiusTopRight" : 0,
                    "right" : null,
                    "rotation" : 0,
                    "top" : null,
                    "visible" : true,
                    "width" : 300,
                    "widthType" : 0
                  }
                ],
                "clip" : false,
                "codeOverrideEnabled" : false,
                "constraintsLocked" : true,
                "duplicatedFrom" : null,
                "exportOptions" : [

                ],
                "fillColor" : "rgba(255,255,255,1)",
                "fillEnabled" : true,
                "fillImage" : "pUsTrN77YvlojN2Yijbr6q3oug.png",
                "fillImageOriginalName" : "",
                "fillImagePixelHeight" : 1350,
                "fillImagePixelWidth" : 900,
                "fillImageResize" : "fill",
                "fillType" : "image",
                "framePreset" : null,
                "guidesX" : [

                ],
                "guidesY" : [

                ],
                "height" : 675,
                "heightType" : 0,
                "id" : "yM6QnQNRm",
                "intrinsicHeight" : 675,
                "intrinsicWidth" : 450,
                "isExternalMaster" : null,
                "isMaster" : false,
                "isTarget" : false,
                "left" : null,
                "locked" : false,
                "name" : "Frame",
                "opacity" : 1,
                "originalid" : null,
                "parentid" : "Mih7ayDjN",
                "previewSettings" : null,
                "radius" : 0,
                "radiusBottomLeft" : 0,
                "radiusBottomRight" : 0,
                "radiusIsRelative" : false,
                "radiusPerCorner" : false,
                "radiusTopLeft" : 0,
                "radiusTopRight" : 0,
                "replicaInfo" : null,
                "right" : null,
                "rotation" : 0,
                "top" : null,
                "visible" : true,
                "width" : 450,
                "widthType" : 0
              }
            ],
            "clip" : true,
            "codeOverrideEnabled" : false,
            "constraintsLocked" : false,
            "duplicatedFrom" : null,
            "exportOptions" : [

            ],
            "fillColor" : "white",
            "fillEnabled" : true,
            "fillImage" : null,
            "fillImageOriginalName" : null,
            "fillImagePixelHeight" : null,
            "fillImagePixelWidth" : null,
            "fillImageResize" : "fill",
            "fillType" : "color",
            "framePreset" : null,
            "guidesX" : [

            ],
            "guidesY" : [

            ],
            "height" : 1359,
            "heightType" : 0,
            "id" : "Mih7ayDjN",
            "intrinsicHeight" : null,
            "intrinsicWidth" : null,
            "isExternalMaster" : null,
            "isMaster" : false,
            "isScreen" : true,
            "isTarget" : false,
            "left" : 313,
            "locked" : false,
            "name" : null,
            "opacity" : 1,
            "originalid" : null,
            "parentid" : "f9RhR5MaI",
            "previewSettings" : {
              "__class" : "PreviewSettings",
              "responsive" : true,
              "touch" : false
            },
            "radius" : 0,
            "radiusBottomLeft" : 0,
            "radiusBottomRight" : 0,
            "radiusIsRelative" : false,
            "radiusPerCorner" : false,
            "radiusTopLeft" : 0,
            "radiusTopRight" : 0,
            "replicaInfo" : null,
            "right" : null,
            "rotation" : 0,
            "top" : 849,
            "visible" : true,
            "width" : 1726,
            "widthType" : 0
          }
        ],
        "duplicatedFrom" : null,
        "guidesX" : [

        ],
        "guidesY" : [

        ],
        "homeNodeId" : "Mih7ayDjN",
        "id" : "f9RhR5MaI",
        "name" : "Page 1",
        "originalid" : null,
        "parentid" : "sg0SWSbTi",
        "visible" : false
      }
    ],
    "disableBackdropFilters" : true,
    "duplicatedFrom" : null,
    "id" : "sg0SWSbTi",
    "name" : null,
    "originalid" : null,
    "parentid" : null,
    "tokens" : {

    },
    "tokensIndex" : [

    ],
    "visible" : false
  },
  "version" : 75
}