{
  "root" : {
    "__class" : "RootNode",
    "children" : [
      {
        "__class" : "PageNode",
        "children" : [
          {
            "__class" : "CodeComponentNode",
            "$control__injectionDegree" : {
              "type" : "number",
              "value" : 0
            },
            "$control__launchDegree" : {
              "type" : "number",
              "value" : -50
            },
            "$control__rotation" : {
              "type" : "number",
              "value" : 0
            },
            "aspectRatio" : null,
            "bottom" : null,
            "centerAnchorX" : 0.38834951456310679,
            "centerAnchorY" : 0.50113895216400917,
            "clip" : true,
            "codeComponentIdentifier" : ".\/Confetti.tsx_Confetti",
            "codeComponentPackageVersion" : null,
            "codeOverrideEnabled" : false,
            "constraintsLocked" : false,
            "duplicatedFrom" : [
              "njPvkouk_"
            ],
            "exportOptions" : [

            ],
            "fillColor" : "rgba(255,255,255,1)",
            "fillEnabled" : false,
            "fillImage" : null,
            "fillImageOriginalName" : null,
            "fillImagePixelHeight" : null,
            "fillImagePixelWidth" : null,
            "fillImageResize" : "fill",
            "fillType" : "color",
            "height" : 550,
            "heightType" : 0,
            "id" : "VinFuFHoD",
            "intrinsicHeight" : null,
            "intrinsicWidth" : null,
            "left" : 705,
            "locked" : false,
            "name" : "Confetti",
            "opacity" : 1,
            "originalid" : null,
            "parentid" : "f9RhR5MaI",
            "previewSettings" : null,
            "radius" : 0,
            "radiusBottomLeft" : 0,
            "radiusBottomRight" : 0,
            "radiusIsRelative" : false,
            "radiusPerCorner" : false,
            "radiusTopLeft" : 0,
            "radiusTopRight" : 0,
            "right" : null,
            "rotation" : 0,
            "top" : 1315,
            "visible" : true,
            "width" : 823,
            "widthType" : 0
          }
        ],
        "duplicatedFrom" : null,
        "guidesX" : [

        ],
        "guidesY" : [

        ],
        "homeNodeId" : null,
        "id" : "f9RhR5MaI",
        "name" : "Page 1",
        "originalid" : null,
        "parentid" : "sg0SWSbTi",
        "visible" : false
      }
    ],
    "disableBackdropFilters" : true,
    "duplicatedFrom" : null,
    "id" : "sg0SWSbTi",
    "name" : null,
    "originalid" : null,
    "parentid" : null,
    "tokens" : {

    },
    "tokensIndex" : [

    ],
    "visible" : false
  },
  "version" : 75
}